f0_mean,f0_std,jitter,shimmer,hnr,spectral_centroid,zero_crossing_rate,mfcc_mean_0,mfcc_std_0,mfcc_mean_1,mfcc_std_1,mfcc_mean_2,mfcc_std_2,mfcc_mean_3,mfcc_std_3,mfcc_mean_4,mfcc_std_4,mfcc_mean_5,mfcc_std_5,mfcc_mean_6,mfcc_std_6,mfcc_mean_7,mfcc_std_7,mfcc_mean_8,mfcc_std_8,mfcc_mean_9,mfcc_std_9,mfcc_mean_10,mfcc_std_10,mfcc_mean_11,mfcc_std_11,mfcc_mean_12,mfcc_std_12,mfcc_mean_13,mfcc_std_13,mfcc_mean_14,mfcc_std_14,mfcc_mean_15,mfcc_std_15,mfcc_mean_16,mfcc_std_16,mfcc_mean_17,mfcc_std_17,mfcc_mean_18,mfcc_std_18,mfcc_mean_19,mfcc_std_19,status
164.1400581309255,113.99284020874873,0.02696757476969959,1.4616032,0.019668447,3399.5699774111413,0.043395100526921165,-479.5805,46.764565,48.89938,39.20649,31.819048,20.50918,26.52454,14.759371,19.541506,12.615815,18.953861,10.701499,16.11433,9.173814,10.990661,8.756525,4.7637033,10.746431,6.8592806,7.970215,7.138456,7.239849,4.8294644,7.3607097,4.675456,7.1619883,3.7367198,5.890537,3.971737,5.5551434,5.2424192,5.1793094,6.1069627,5.1658926,5.794839,5.0425153,4.516012,4.623073,3.9870918,4.9330115,1
111.88431726324353,57.48919683565464,0.027056556332375865,1.3617531,0.019191284,4737.380509400649,0.06127698305916599,-621.07764,83.08774,86.162575,29.152367,46.57992,19.21498,32.54906,17.521585,18.743269,12.501595,22.771662,14.756498,0.83836704,12.845354,4.4871316,10.498837,0.44950897,10.174738,2.792975,9.365348,0.23561329,8.19889,0.91964245,10.548474,4.292813,8.197319,8.344516,6.7702045,-0.5914262,9.262643,-0.71695864,6.84972,0.5398627,8.329368,3.677427,7.193539,-1.2479202,7.24308,-0.4347765,7.0164776,1
191.12492081320585,58.65177048640807,0.02228384918637179,0.96228313,0.02515847,4234.070942596537,0.08900641789182322,-508.48508,89.07323,105.52727,52.632786,26.35356,33.021263,14.505373,26.893013,12.165101,21.830631,20.330372,14.543041,-8.496184,13.718282,-10.154078,14.033479,-8.310125,10.172129,9.56583,10.924991,0.6694287,10.025087,-8.07927,10.359699,-4.6517367,8.26938,3.5532713,8.385916,1.1063069,9.430638,-5.7830625,10.638977,4.0673494,7.172119,0.31980464,8.2425,-7.101487,10.225732,-0.17261301,6.685275,1
209.16673737078906,60.33626411233461,0.02621746019693684,1.181381,0.03822401,5060.852974012774,0.0998760707143229,-512.14484,106.99097,68.10493,50.931664,24.836746,26.224741,25.784374,21.07619,12.003918,20.19078,16.236567,15.319049,-2.3858588,16.309916,2.8788147,11.6646,-0.90574896,10.826063,-7.656276,13.181594,-0.93891764,9.46973,-3.7061286,10.815391,-5.3881154,9.838915,-2.810328,8.144918,-5.034559,10.155675,0.33944824,9.347456,2.8072238,7.318105,0.16499914,7.5449696,-5.69707,10.655974,2.8729432,7.5862026,1
124.4410034108761,56.83323586444023,0.02482170224876985,1.0713395,0.024090478,3992.784364771424,0.0728456946337032,-505.51904,111.448105,99.74264,51.347923,29.37882,29.096067,36.067486,21.376263,18.490667,16.518478,13.95974,12.723982,4.196809,12.22779,7.966991,11.83507,-15.040268,15.03284,-11.091098,13.705374,4.740242,12.342014,-5.178987,11.336735,-12.591696,15.839084,4.218173,10.238516,-0.51143074,8.902098,-5.623907,11.019597,2.6528127,7.5223284,4.454811,8.446566,2.4281282,7.0818596,-3.8942938,7.7647495,1
181.38210116883565,83.97225364359869,0.028318934183056445,1.1577508,0.015076403,3867.153649176537,0.052471299119914175,-448.3776,126.384834,100.83342,56.024475,17.595882,30.133478,14.089935,27.537754,23.811825,18.961035,20.289303,14.772086,-1.9255742,15.9012,-0.96080637,13.775383,-0.7170442,10.409108,2.759841,11.708275,-0.20641004,8.865113,-1.5740986,9.39997,-0.87603754,10.904663,2.5172276,8.241152,3.516532,7.553135,2.741283,6.9633226,-2.7473242,9.32712,1.686036,8.041037,2.4400747,7.526398,2.3197644,8.353765,1
133.50084433386948,43.16444580172278,0.02317015897685501,1.07377,0.02351832,4258.518298259967,0.07728218794225175,-578.4421,92.581406,98.78833,59.716167,38.551876,24.081202,39.08654,24.90498,15.585816,18.468174,2.633514,17.715984,0.40577474,16.205889,17.297577,9.712338,4.525452,9.574191,-6.6597786,14.30756,-7.731488,11.734088,4.6569314,9.295407,-3.42473,9.718003,-1.0100391,9.374738,7.031481,7.1359177,0.33646625,7.47212,-3.035021,9.291728,1.3582469,6.8932285,-1.4250321,7.165185,-3.528223,8.12917,1
115.45679296369843,88.56781763943958,0.022213508342144573,1.1652963,0.02721223,4245.643408790414,0.073051529808092,-501.72498,114.24019,105.116135,47.619858,43.77843,24.554731,25.461056,18.740604,19.94076,15.872684,19.420763,14.511962,-1.2798951,10.962319,5.9360332,11.346199,-10.528311,12.266932,0.15437672,9.00332,-0.3545363,10.179174,-7.782719,13.828621,2.4430723,8.73389,1.8820865,7.7519755,-1.4700445,9.431894,-1.3403443,8.121602,-2.3140142,9.818717,1.9909894,6.9819155,2.5206566,8.32039,2.0269525,7.1873717,1
114.19279051159607,47.51218786173455,0.03237016797241808,1.2864363,0.02923454,4589.251133228844,0.07689863133383394,-466.0754,124.83655,82.30793,52.47877,26.486303,23.619938,16.777256,18.504536,18.849434,15.937168,18.754972,14.067636,-0.60465634,15.439492,7.118076,10.300275,5.098957,9.479987,-2.9433315,13.727115,-3.695402,11.785927,-0.23808697,9.846487,3.5784009,8.327039,1.3432438,9.503006,1.7227906,7.161729,-2.7183726,9.414173,-3.8463671,9.384843,3.4881039,6.8133836,1.791489,6.6839037,2.730838,6.6601014,1
103.43974915006615,54.381619628230744,0.028351254662370713,1.3692117,0.025203392,4845.376530276728,0.08008356495111785,-561.70825,95.7815,88.3579,37.37691,46.021492,23.649967,26.700388,17.37358,11.908031,14.387157,12.254402,13.782202,0.17036657,11.761892,14.264834,10.562155,0.28910154,8.7786875,-1.0695568,11.729087,-2.2465968,9.614434,5.865748,9.73834,1.1464175,8.0856285,-1.1255533,9.423918,2.381426,8.238411,5.6103044,7.2898903,1.9423342,7.4484563,-4.833423,7.5569506,0.5149134,7.3779397,2.5376647,7.080775,1
117.42556217616868,41.411190138290934,0.026315011402773158,1.1832378,0.033121705,4462.1297393472,0.0855469037838037,-483.70837,96.890656,81.22924,54.79249,32.139286,26.086117,40.229267,24.551834,13.27276,18.499378,9.55576,15.234161,5.2105594,12.895416,2.853078,12.130254,-2.513091,10.40561,-0.6220613,9.674116,-4.8620543,9.114326,-4.3424244,10.367479,-1.6632383,9.474344,6.5513077,8.103965,-0.9955938,9.242496,-5.6464605,10.844377,0.9422684,7.551704,2.034528,7.4980955,-0.9667829,7.065366,-2.3777916,7.2748156,1
169.22601105383936,77.69793961129368,0.03317644814945453,1.666577,0.030286865,5288.767838617778,0.08910735329724892,-517.5785,92.246346,73.99178,37.391804,43.69979,16.690128,30.220196,13.937533,13.052178,13.301173,5.4215817,12.476696,-1.9923705,11.900405,-0.42167664,9.825784,-5.267144,12.290731,1.4662299,7.9803066,-3.9802346,9.524607,-7.2410197,11.981537,-4.5872507,10.513615,0.74565357,7.7592716,-1.6497183,9.095766,0.11054124,7.4319434,1.4430562,7.102707,0.52627796,7.548821,0.3809565,6.9775457,-0.5079463,6.62917,1
155.93856425862364,65.17404595091645,0.025944098964247854,1.1983104,0.023687305,4308.296967055954,0.06720753072275573,-552.8975,92.23084,88.23911,45.35685,40.663982,23.693567,32.105404,22.126717,15.912094,17.299038,7.0642242,17.40185,-4.786497,16.133488,3.7457924,11.479598,-1.8914186,11.623311,0.24646182,10.363045,-4.831027,10.639233,-1.9417026,9.256857,1.0542519,8.385345,0.9728572,8.355647,0.88871765,7.4695888,0.20146094,7.5346546,-0.015148558,8.441704,1.6013757,6.8135934,0.12159256,7.171926,-1.5271167,7.910674,1
211.14696520386224,149.54670543246323,0.02656909470926081,1.0137603,0.03611548,5131.546616819285,0.1079640763529231,-470.1776,100.77022,72.46594,52.88901,33.477726,26.943756,25.435814,26.922876,0.906628,22.45093,18.889978,14.362641,-4.505349,16.290491,-2.0923789,12.898276,-4.3299856,11.425995,-7.9394317,13.747561,-3.202736,11.14578,1.9824548,9.782733,-2.5765114,10.430872,-5.2409916,10.331642,4.632214,8.095453,0.9820152,9.642452,2.8260546,6.736599,0.19900468,7.215632,-10.939757,10.446348,0.58181816,7.475625,1
124.55048079641523,49.81835718731167,0.025691556190118644,0.9901636,0.029591959,4030.6177884835292,0.07318691339154261,-512.9157,90.15672,94.06613,53.991245,28.477957,28.246664,32.025497,22.128088,17.220884,17.422695,18.94433,15.57252,2.4327435,12.822755,-5.5408173,14.962069,-1.6960894,12.295479,4.6131415,9.120452,-5.5788183,13.3344755,1.0178119,9.458202,2.2171762,9.837453,0.8179605,8.794848,2.5081758,8.181851,4.221692,7.0129457,1.2066339,7.626531,0.63935715,7.5845766,2.67202,6.8235955,1.3461503,7.376156,1
107.97327818996396,57.444176965338286,0.03011141830554825,1.0423328,0.029021982,4160.770710092605,0.07409985004443127,-509.5821,108.90797,108.61211,56.50384,28.43694,27.725273,23.791677,22.039091,17.181105,18.015068,18.192251,16.757236,-1.6029787,11.866196,3.0497637,12.276488,-3.7589345,11.282121,4.0747514,10.397659,-0.5894666,11.446341,-3.5771534,11.513254,2.176779,8.323665,2.031281,9.396847,2.77277,9.006915,6.3532043,7.4960117,-1.9964659,7.307696,-2.9335191,7.736254,2.264464,6.920479,3.6118028,6.890603,1
170.47975578750254,72.29773078692413,0.03026646187054872,1.0954813,0.03181726,4529.7950233306565,0.08991454211658989,-513.2701,97.343666,85.08595,50.292477,24.56769,26.363445,23.391966,20.938065,6.4984264,17.942478,17.98174,13.897049,-4.966546,13.890282,-0.8311645,11.859542,1.5891393,9.879523,-0.38583568,10.69568,0.99481845,9.769816,0.7622357,11.122097,-3.2391918,10.534662,0.95954746,8.330367,-2.0119548,8.338483,-0.44597647,10.108208,6.386798,6.7104344,1.145125,6.222717,-5.044679,10.120524,0.9396608,6.8288617,0
168.67242047597,90.50670297502094,0.029250621757010875,1.1627331,0.022455674,4531.749813650232,0.07248942817286141,-554.4834,98.1333,91.59208,43.56487,45.36086,26.461233,34.865234,18.959606,16.094627,17.46937,8.9211,16.804579,-4.159951,16.365606,9.1932745,11.390874,-9.435132,14.155034,-2.2535007,12.4447775,1.6886141,10.7459135,0.09280911,10.053336,-2.526078,8.837472,2.935307,7.965524,1.9229885,8.951228,-0.2767554,7.6131287,4.740577,6.797354,-1.8320006,7.504149,-1.8100218,8.198539,0.38155636,6.966953,0
171.85969317087958,57.54557498711147,0.024105894615677803,1.0492184,0.042781617,5164.314146035428,0.10347198328205959,-517.6612,109.76736,79.357056,52.791344,29.404222,25.52007,21.972235,22.11183,12.474217,18.134272,16.38748,15.169575,-3.0237582,13.808005,0.368741,12.438523,-6.0107594,13.482763,4.670355,9.552457,0.5907308,9.830123,-12.876328,13.21613,-2.1824458,8.875284,4.710083,8.407459,-1.5201908,9.888441,-0.59998876,9.745877,-0.92338413,7.6492248,1.1563337,6.568873,-7.7066813,11.286513,2.2635317,6.8943644,0
160.63578155522717,54.09125081247696,0.021459303087218162,0.9570442,0.039064035,4928.214385962342,0.10673772313835216,-426.47818,109.93389,91.26812,59.730206,25.529634,28.960588,11.5625305,27.318165,4.694255,22.795313,9.4783325,17.942053,2.4345868,13.329761,-4.487137,16.902536,-11.878078,15.356959,-2.9276323,10.957321,-1.6684445,11.51819,-0.8184495,9.873688,0.20383276,8.932803,-0.360473,7.671677,-5.713199,10.290778,3.3764017,8.518899,-1.68222,8.35534,-1.4376718,7.2941527,-2.7285404,8.35123,-0.3411006,7.085938,0
176.25927344479612,65.55913923728288,0.02505092611112241,1.0014793,0.031588376,4608.880265064275,0.09750654204328263,-533.46185,93.26483,89.72419,47.758068,32.248287,29.946451,24.917068,23.070566,14.258642,17.716993,24.097267,15.216665,-0.9278766,12.541987,-0.92454,11.746633,-9.786675,10.166996,-4.0940127,9.7084055,-2.3250375,13.2160425,-3.011477,9.646998,-4.947253,8.974035,-7.3112206,11.758819,3.8694837,7.980367,4.836145,8.026079,0.28026327,9.054777,0.9002803,6.753058,-2.8319569,9.3725605,-1.5833337,7.9457335,0
164.07094730283467,69.98275009743301,0.032359407537963146,1.2538537,0.04383349,5220.987900280447,0.10479429892462379,-499.74814,92.36456,61.647083,49.236603,23.613605,24.266165,22.653084,21.038155,18.436583,17.800707,12.522815,13.534802,-4.1913104,16.185486,2.643853,10.442802,-1.7752975,11.251705,2.0587862,9.948867,-2.7744904,11.350682,-1.242698,10.0267105,2.835948,8.006933,1.0075085,7.899011,1.8422856,6.9989314,2.5496209,7.7761173,1.685813,6.475227,0.8762131,6.8050013,-2.9377182,7.512267,0.4324874,6.7626014,0
124.10118142447877,58.051235479739894,0.026758805955601896,1.0429873,0.03156249,4144.1273624970545,0.0869541128545878,-521.32684,89.864914,108.49897,59.07816,28.073832,29.95717,27.516819,26.78776,18.166866,18.970076,16.744534,14.839213,-10.984886,14.889586,3.7764153,10.722457,-4.085024,10.429741,-6.3873935,12.988672,-9.088569,10.33873,0.5524112,10.217822,-0.3159981,11.07244,0.028143153,8.489679,0.35763395,8.17598,-0.6328622,8.279381,3.250136,8.13911,0.91318303,7.6460595,-1.6399143,7.4651136,-2.4095256,8.658094,0
158.49274535790857,93.68286242008683,0.028184074963693212,1.032558,0.041370485,4668.473419958674,0.10242195847374044,-499.05173,99.34611,83.41069,62.103916,29.070473,28.997866,37.449375,23.640348,8.442713,20.229597,8.9543,12.756925,-6.3853226,14.306692,-2.4754064,12.962945,0.655374,10.350349,-3.613572,13.450818,-4.941209,11.114337,-2.3189642,11.430538,1.2513486,8.152497,0.86475205,8.111305,-2.5650551,9.665526,-0.36187753,8.834368,2.5341568,7.492969,5.9172044,6.4484224,-2.2924182,9.5404825,-0.26819173,7.045404,0
197.67556785016805,68.34484587485109,0.027956424129088935,1.1510782,0.029002931,4502.39568231391,0.08986368250566969,-525.80597,109.8796,96.38771,57.853874,15.866048,33.22419,21.70364,25.145407,11.846359,21.67352,8.006562,16.242016,-3.4477596,17.335703,7.4500256,10.672414,-7.8525076,15.16109,-0.8439993,12.12044,0.9555681,9.649119,-7.0220647,12.135231,-0.5749491,8.88316,2.6505017,8.3697405,-1.4202892,9.108334,2.5511932,8.366935,1.3148597,7.320272,1.1845026,8.52949,0.18820232,8.174245,-0.12513879,7.373535,0
146.73263153467394,83.53484306472414,0.02960621014344404,1.2093402,0.043154486,5059.2634722547455,0.10482284337026938,-530.1856,97.88631,88.0493,54.23503,39.995853,24.956549,27.576708,24.221153,15.844665,17.6159,11.252985,13.416156,-3.1694431,12.567066,3.7148936,10.023628,-9.645297,11.397784,0.05551928,9.24648,-1.6180274,9.496273,-2.0521178,9.242434,1.5097281,7.9397793,0.69734883,8.283503,-1.7655532,8.980023,0.7505681,7.4277387,2.2928076,7.1066666,0.9249717,6.1319613,-1.801848,7.969234,1.9401541,6.533967,0
208.99337707639341,59.14234364902361,0.03179831063371539,1.0619576,0.03692881,4457.359932398497,0.08855965444890078,-498.14264,97.80361,90.28809,59.24926,21.87267,29.506798,20.50165,21.773176,8.969512,21.205824,5.9752746,18.19093,-1.3860422,13.453291,3.7695167,11.419822,-1.9118856,13.617646,4.8918743,10.585282,-1.8839451,9.743244,-4.856888,11.729429,-1.5786796,8.046178,-1.8450094,7.6260414,-6.294554,10.17149,1.4823382,7.2104073,2.599413,7.8138504,-2.0997076,9.053493,-1.6869442,8.152469,-1.3313705,7.683676,0
167.78677852261814,68.08412287174208,0.022990087443296926,0.9975386,0.03382424,4473.216471082269,0.08991100045787546,-511.2928,106.00479,100.932,59.29921,26.685371,31.083565,21.752468,23.040314,12.691541,18.75075,10.298497,14.553615,-4.8812556,15.503323,-0.51143926,10.596292,-8.589345,11.795754,-5.5420036,13.777075,1.4787945,9.66879,-3.9527886,10.284284,-1.6333436,9.93262,5.6344357,7.723984,0.60677516,9.853577,3.4584951,8.724962,3.6226983,7.0846806,-0.99377686,6.843083,-7.0070233,8.661944,-0.7064884,7.313573,0
165.26364143234852,58.701130709210375,0.028545095638081105,1.0304855,0.03310655,5115.553526870532,0.1013554003562935,-567.6346,92.38599,83.13802,48.95742,39.60731,29.217484,28.769943,21.242222,7.9500747,18.396292,21.67352,15.883525,-3.138628,12.832982,2.722074,12.919141,1.6120852,10.584724,-1.920012,10.758591,1.3563666,11.602753,-1.1765658,10.636947,-2.8500845,10.037277,1.3931745,8.762616,-3.4431045,8.268845,0.27144185,8.560061,-2.341862,8.79983,3.864539,6.5786705,-3.266455,8.126171,-1.7347382,9.500926,0
162.01225956758273,56.455551612742134,0.02210798342756977,1.0938258,0.020281788,4176.080987061047,0.07926644825939443,-529.5748,94.398605,91.6299,54.8064,23.20949,29.75432,30.71665,25.853622,5.1908154,23.787046,7.479107,16.029936,-5.5193973,15.56305,-3.5855722,14.03809,-1.1315347,11.830275,-1.9653372,10.645511,-5.412414,11.453528,3.418125,11.081198,6.5032277,9.039147,-3.204766,9.603651,-1.3445715,8.711415,6.1022577,7.6672254,1.9898388,8.712903,1.831613,6.8500466,-1.1763004,7.63401,1.1056064,7.7172575,0
197.84198282964277,54.590112531270314,0.02639977488192704,1.058226,0.030732326,4932.043580798745,0.09165831024812221,-588.87085,98.89175,89.3398,54.17363,32.256184,29.614885,21.674221,23.627415,11.497429,18.608597,13.721331,14.691825,0.40754262,15.281949,9.397711,11.527731,-2.6048608,11.114315,-4.3872113,13.311489,-3.134401,9.591667,-4.019368,10.006673,0.9014639,8.953424,3.6426604,7.786151,-2.4300337,10.116274,2.4166396,7.9896483,1.3383436,6.822502,3.8747396,6.8269396,-2.6703463,8.161208,0.91514933,7.208593,0
150.68631818111808,59.818842830032,0.026136010338162284,0.9876145,0.031130128,4901.318841966648,0.09460637090597093,-532.8268,94.42561,80.2412,53.57037,24.354143,29.53974,33.74212,24.567078,9.21047,19.231945,16.230843,14.454808,-3.4132295,14.218182,4.5687933,13.093653,0.86294717,9.855865,-0.49679774,11.660864,-6.3621035,11.452173,0.8660016,10.376093,4.6347084,8.734663,0.70684844,8.790751,-0.6339659,8.294148,0.5503435,7.512881,3.7945147,7.088177,3.5498075,6.1591597,-2.842762,9.729686,2.5112777,6.5049334,0
186.3302135448205,57.60360323808501,0.02359496478884667,1.0978255,0.024519322,4454.264244348514,0.09623261043653158,-545.9751,87.63587,88.971954,58.14314,24.629852,30.48935,27.58962,28.28283,16.4007,23.499605,8.106312,14.698769,-15.012934,22.55804,0.2281672,14.494446,-3.7300513,12.430675,2.4354253,12.33392,0.79808676,10.015682,-1.6350452,9.157207,-1.2691259,7.887678,1.1010149,7.586384,0.51145023,7.6679983,-2.763043,9.343342,-2.598283,7.2335,1.3454809,7.1066546,-3.218809,8.678336,1.6483434,6.891626,0
165.3409871750182,56.843085383579236,0.026735143595905626,1.0418524,0.02609317,4145.632541867855,0.07867139032008681,-562.19244,77.163376,100.19448,48.364437,43.4634,27.672464,42.12959,22.749762,18.418537,17.07932,3.7409039,16.261913,-18.137192,17.538916,-1.7855119,10.847567,-3.569873,9.218224,-1.6526238,11.183234,-0.85682863,9.788506,0.83913964,9.036635,-1.0817786,8.270169,2.1268258,8.253113,0.6480744,8.513522,-2.3338268,8.8948555,6.0873985,6.692791,-0.14055423,6.202268,-3.3424485,8.954979,-0.59151566,6.4121213,0
168.17931133273797,57.25372612546702,0.02318767430654654,1.3102558,0.030475378,4914.428175089897,0.09623931895560665,-412.75348,100.761955,58.734493,58.529327,25.513813,27.243996,27.096788,24.986643,11.106166,21.242353,14.355462,15.291356,0.99113107,13.888229,3.9257684,11.063768,-2.9650376,11.083629,0.65906495,9.317505,-3.7483866,11.373851,-2.7415724,9.70169,-0.5960169,8.090783,-1.2420602,8.101488,-1.7659812,9.070922,-0.86895645,8.338437,2.0820012,6.1864862,1.4017015,6.537938,-3.2736583,7.967144,0.5139079,6.1790967,0
150.83548354824507,61.1779307924786,0.026366502937426227,1.1813983,0.033354968,4930.223428177966,0.096882949000728,-501.43375,104.132286,77.92351,52.34518,27.960098,27.822598,26.918129,22.702215,10.184454,20.863382,15.733977,17.329073,2.1806374,13.854307,1.8595638,14.649866,-2.5098276,11.676996,-1.9649327,12.7985325,-1.4661152,10.520969,-5.2424,12.346644,-0.41931933,9.533839,1.2301807,8.434079,-2.2924051,9.245378,-1.6826628,8.474747,1.9073884,8.601981,4.8184958,7.2588086,-2.2814207,8.424762,-2.3190203,8.1522,0
205.8891532037211,63.52239457564694,0.021139255595102283,1.0819286,0.03228073,4612.410661789771,0.09028585280426543,-479.07355,121.96981,84.96122,52.806282,12.578374,34.20931,25.565887,25.540071,16.05545,18.75615,13.333011,14.616547,-9.139641,17.664095,0.9547024,12.495628,1.1136496,10.219343,-0.3804975,11.851322,-4.25505,10.263484,-7.025276,10.927199,-1.614578,8.728422,-1.6169997,9.864996,0.25712135,9.463992,-3.658491,11.228326,1.4266205,7.7734203,1.9354055,6.716057,-4.27293,10.663578,4.1610856,7.286009,0
126.58190948768333,3.1510453561556773,0.0038305247850959055,0.19163436,0.016639747,1074.5739933025625,0.1582485465116279,-22.103645,21.885237,63.691433,10.571313,-39.10236,7.597871,-18.953844,10.81514,-15.797592,6.2370863,-14.531854,9.990286,-6.0753403,7.0670495,5.454779,5.771597,1.7948002,5.3553224,-9.765734,3.674655,-24.99522,5.4518547,-4.7833576,5.7203975,-18.595673,6.0155706,2.9154735,3.314703,-8.195137,3.220091,1.8126323,3.2068353,-6.4689665,4.4238763,4.124274,3.42097,-7.583345,4.283051,3.0553865,3.8824158,0
104.67555932800191,43.18469912204722,0.0253860852556005,1.5779845,0.006743576,2355.96779215511,0.02215861807879802,-499.17853,40.401093,49.007175,34.012993,31.371155,18.076498,27.601145,13.673222,23.194736,11.425228,19.756998,9.401991,18.02015,9.116226,13.053308,9.372077,7.7231483,11.54625,9.209026,7.9798493,9.215493,7.238144,6.081875,8.536846,5.772799,8.755118,6.314527,7.690933,5.7711945,6.9697804,6.054499,5.766489,6.8187566,5.237588,6.103696,5.0714693,4.5042295,4.862041,3.414022,4.6178546,1
258.8229268529708,2.8417674888654223,0.004014010181355313,0.16712055,0.008185734,1580.4122008225615,0.3934326171875,-64.88194,21.591118,-20.999617,11.26204,-51.011654,6.5875373,20.657621,4.3795123,-10.907411,2.9099333,-4.17944,6.3825593,15.597316,4.431322,-22.05358,3.7736669,-18.473083,5.1289034,22.235464,5.6842694,-17.96842,2.7374191,-8.981185,3.9384432,-8.0294695,3.0379965,-1.2877629,3.6212795,-0.4786465,3.4159033,-9.048133,3.23957,-16.813389,5.6410737,9.182683,8.549658,41.85172,6.4127936,34.16921,7.628425,0
206.87836469415706,11.153295838360044,0.00989685939081704,0.24829671,0.011254542,1119.6167047482156,0.18179724351415094,-70.16143,33.541862,49.1285,22.915339,-60.205456,15.199523,-2.184904,13.690841,-5.32454,9.658965,0.5949584,7.2736974,-11.21744,6.9825234,3.214849,5.619531,-17.856415,4.897747,-5.705691,6.5338984,-7.1958184,3.4318597,-13.86902,4.4316196,-9.5899,4.887076,-11.488727,5.3678365,3.6841316,3.2420924,-10.431162,4.7469034,-9.886667,4.7346015,-3.9790452,4.378755,0.2666006,6.1607494,-7.9719124,6.1823883,0
126.87933141143341,65.79760860232345,0.024700634269766146,1.5728443,0.018192539,4659.458716734643,0.06939092957147278,-606.27106,83.28827,101.00801,33.08771,43.092167,25.713469,15.723025,19.534044,11.571022,15.47475,16.22197,13.793558,-0.9610602,10.801018,1.4623606,9.323408,-6.353906,8.9868555,4.3328547,8.81348,-0.538617,8.960252,-1.0905447,8.599068,0.9303844,7.599056,2.6711779,7.7014236,6.1776667,8.919257,4.5460224,7.6000156,5.224358,6.7434773,0.18207617,5.775624,3.386991,7.329667,0.6818179,5.41139,1
285.73222291328915,142.91019407196313,0.06172394909488173,0.74483603,0.021096978,1115.018772282062,0.19549986373546513,-38.64017,102.67445,56.41455,32.670433,-50.2823,38.280396,-31.372368,26.237125,13.009111,13.111206,-0.09164553,11.043816,-15.094708,8.939511,-1.4488448,14.263951,-11.287228,7.4697986,-7.2840953,6.3874745,-7.1685605,7.635923,3.321754,7.179884,-3.479557,7.122072,-5.4865417,6.0313444,-2.592286,6.377473,6.964645,12.477974,18.888945,19.485945,21.359594,13.07496,11.612783,15.940396,-3.098652,17.518265,0
206.6798553149913,64.89620343809773,0.023950914719412016,1.398999,0.029736664,4625.726042676738,0.08322808022972422,-527.0369,103.89084,74.33503,43.21375,21.740376,26.035631,19.62516,20.272781,12.352155,19.970978,15.095817,14.969906,-1.5100218,15.417721,-0.53398734,12.133495,-4.3059435,11.560226,-5.460405,11.255517,-4.53753,10.206618,-2.68557,11.88963,-3.7239337,10.627377,0.80162334,8.6951,-2.9796362,9.312499,-0.75145113,9.719481,3.9763253,7.510087,1.1777834,7.976214,-2.687607,10.1773815,0.61669475,6.870135,1
157.6076647879847,11.378732294309128,0.012439661652907115,0.37368542,0.0040893075,853.8199617440166,0.16661725725446427,-91.51324,51.736965,95.59664,7.6725416,-54.35328,15.441649,-43.717426,7.300277,-3.6232998,4.2065387,-2.1930556,4.699411,-9.244569,3.2955067,-10.914376,3.3734307,-0.567238,4.217295,-5.0744944,3.2877493,-15.009903,4.157201,-13.674413,2.7121594,-5.6908484,3.8683093,0.5878267,2.7379687,-3.381394,4.9006996,-4.6596212,3.1948826,-3.1615863,2.7435935,-4.351422,4.0486546,-8.724761,2.162242,-6.727706,2.6578734,0
280.08539127709935,3.602708095221025,0.004400172569160427,0.13683476,0.004321301,945.2045460078547,0.10415810032894737,-44.24352,29.0446,68.93994,9.995405,-12.234697,8.209255,-15.390022,8.044654,-3.3821917,6.390255,-14.183678,4.277282,-18.220898,3.796473,4.7828646,5.702976,-33.41919,5.121462,-14.93861,5.6469164,-13.505519,2.714215,4.0723186,3.8914347,-13.605027,3.542173,-11.248798,2.8833933,-6.1295013,2.6773472,-1.9706712,5.546421,21.341509,7.080257,31.110214,5.6571727,26.00968,9.22434,-11.189984,5.6633615,0
169.49135744207655,1.1918361118714547,0.0026286604971442794,0.85363996,0.008498067,1118.477422257167,0.2016342298119469,-182.89188,75.95566,55.136284,10.1450815,-31.717503,9.256195,-49.5198,9.78008,0.1656076,5.452208,11.415184,7.5036387,-20.46798,6.7996078,7.393897,3.9555209,1.7374785,5.4370437,-1.3732195,3.6800272,-22.136345,3.8811903,-15.020916,4.7104454,3.7667582,3.0270164,1.855182,3.1836834,1.4903675,3.780122,-2.0543027,3.226655,-3.7844312,4.827703,-5.29278,3.8633027,-11.536094,3.1383784,-3.5604947,3.0348966,0
148.32857187707467,1.599209921005395,0.002882688883572946,0.5375917,0.011978015,1170.8011199296857,0.19843937800480768,-129.14088,86.792435,47.2171,7.673552,-37.90645,10.547052,-38.369343,10.701646,-7.3190255,3.8740714,26.282011,5.6739216,-23.694899,4.1765676,-2.6744995,3.605388,-6.305926,8.1784315,-15.99282,6.951936,-10.129874,5.693876,-10.321618,5.65245,-9.967671,8.517197,8.394192,6.7375746,-10.491807,6.6566143,5.526805,2.9515455,-1.9272352,5.7627573,-0.5415339,4.529187,2.020082,5.94136,-7.0638833,5.0230327,0
142.12698174410937,2.0416955324017665,0.005049187972415289,0.24143274,0.004804276,910.2022838533638,0.1677734375,-75.74359,38.312134,84.434654,15.626443,-44.966595,6.545418,-41.619473,11.87018,-5.121961,3.5606275,-14.197817,7.9372516,-21.417751,4.9631314,14.501004,5.266946,5.8281302,5.6958733,-4.6521854,6.0333962,-19.54676,3.0929446,-10.699712,4.2658315,-0.5388177,5.5879164,-4.202136,4.69577,-8.849266,3.2607133,0.2856836,2.8870907,-5.029157,3.693556,-2.2841809,3.2729425,-10.495035,3.6593943,-5.286945,2.9425576,0
225.72300900112543,2.9729532092009716,0.004188980273814278,0.21542501,0.003627213,1030.40273756367,0.2212899584288991,-69.43238,41.460598,55.503777,9.795829,-62.12381,8.5745945,-42.014626,5.4763823,3.8066156,4.7580657,7.3615727,4.8945723,-3.9202654,8.362726,7.011044,4.611581,-12.983642,4.29317,-14.977831,4.745453,-2.9651997,4.6333346,-1.3264382,4.771583,-7.4398074,4.4134426,-16.900135,4.613228,-1.6578424,3.9498074,1.0876969,3.562526,-2.22642,3.5354555,-13.297886,4.751669,-17.296358,5.9071956,0.21456699,8.945942,0
113.0520263702989,25.227636405982327,0.02205623459701364,1.4979436,0.01578736,4011.8438919431733,0.06193900446994029,-539.6248,110.65737,93.36003,44.670444,32.53469,25.446869,29.778048,16.940563,17.656729,14.679405,12.859939,11.917376,8.627104,11.0769615,1.1334468,10.400093,-13.961998,15.588117,-6.463819,10.673518,0.14947282,9.979876,-2.1972017,9.311248,-6.581715,14.597506,0.8771885,11.0495405,3.8626504,7.597842,2.759981,8.910163,1.2609218,8.134816,2.469196,7.6620054,4.3205543,6.2616053,0.8235638,6.7712426,1
110.78357503476208,9.30233533977158,0.006905871719252435,0.13086207,0.00805298,903.9754342511933,0.15656534830729166,-38.690792,24.410336,99.61017,8.695737,-24.652542,8.340822,-48.141705,7.255497,9.873347,8.234085,4.4382586,3.7552886,-11.008267,5.0907955,1.6897012,2.4593024,-8.045505,5.239039,-0.71191245,4.863429,-14.2261095,2.947591,-19.835876,2.2360747,-7.14452,5.021502,-1.6528791,3.3113778,2.2188408,2.7722368,-5.409378,4.0852985,-6.3848825,5.1620626,-0.39464596,2.9996705,-5.6632648,4.3641148,5.843612,3.4937575,0
190.4750065642855,1.3201064856483904,0.0028843563389534654,0.09525206,0.0036104782,1015.1956724979545,0.2104647197420635,-53.359886,21.899897,66.08789,14.002138,-39.331615,8.443577,-57.622578,8.870811,-9.150775,5.324247,14.266197,5.486495,5.116685,5.100664,-10.357642,3.6316388,-14.68577,4.4949484,-6.367882,3.5352623,5.67871,3.064048,4.1942697,4.482518,-7.7459354,4.369937,-8.707275,4.244515,1.5522454,2.855437,2.2913191,3.7581863,-6.2399507,3.5047162,-11.662563,4.597737,-1.1399597,2.5180893,2.4176009,2.9484718,0
225.81738042046388,4.329732427902917,0.003684659154056772,0.11453109,0.008772074,1346.304880441703,0.26524832589285713,-39.94516,15.183154,35.01864,18.023973,-47.099216,13.493745,-46.62711,8.344372,21.112558,5.311468,-19.401072,8.672318,2.0909219,5.161586,1.7785115,3.1840155,-4.597868,4.0976777,-16.068617,6.39868,-9.540806,6.261385,11.444866,3.6343927,-14.683998,5.39863,-6.178144,4.722278,-9.465112,2.092879,8.403019,2.787131,-13.110771,1.9969699,-6.6511106,4.880171,-15.286893,4.4658465,0.3513306,5.3435216,0
170.94064526783396,81.7289720431895,0.030084899890392258,2.4373035,0.02356659,5214.322191842158,0.06749654394143896,-530.9842,93.74389,62.206306,38.825653,27.958073,17.74064,18.754467,17.564043,16.54515,12.407563,15.200732,10.8670635,4.9765134,12.589636,4.4812975,10.035339,-0.016025938,8.913702,0.17998804,8.834075,-0.13858996,6.561631,1.2979574,7.7094183,3.4501574,7.5722814,3.8635197,6.0767393,3.3991013,6.896307,2.4490862,6.2868958,2.910343,6.5069313,3.6436028,5.8076663,3.4813695,6.212406,3.3246214,7.3926163,1
227.41899146879686,4.768839795537527,0.004276192819817894,0.4454162,0.0075131147,922.3517794068418,0.15292440878378377,-77.747856,72.13633,72.34546,19.013376,-35.219322,17.428171,-17.826294,9.844414,1.5327722,13.201991,-20.615257,10.558244,-17.355694,7.2279935,5.9740386,7.0533996,-16.150213,4.814558,-10.936844,4.41409,-7.9044933,3.938398,-5.4915833,6.060794,-8.423177,3.1025596,-2.1827874,4.370844,-5.519177,4.1441107,-9.02208,4.843516,-9.105533,5.748115,-12.584689,4.3884306,-9.411927,3.8662558,1.4776865,8.122852,0
131.11627522638787,39.84360762633715,0.026048541193808596,1.2654474,0.021567734,4019.34913076559,0.07104698053332686,-567.2759,96.76124,100.50343,55.844357,35.144672,23.010832,27.527092,22.70685,7.6067657,19.802132,6.4893003,16.310965,4.1734285,14.343509,11.259927,10.511118,5.2338634,9.7364235,-6.2376227,11.616408,-8.713036,10.35012,-1.6076249,8.309961,2.0064242,10.73386,3.9609244,9.372949,-1.3752217,9.231462,-0.7326735,8.86091,1.5909513,7.9628735,2.814057,6.573259,3.952958,6.3557153,1.6486233,6.8888483,1
177.09240585663773,1.1958605532255266,0.0019689401814646564,0.20419621,0.0027363813,884.118391766103,0.11404497195512821,-80.20761,22.667513,79.041,6.651504,-46.488827,7.9796777,-15.035252,4.7990794,14.55196,3.098884,-4.9491053,3.6813784,-12.112703,2.7869058,-5.6072936,2.7774348,-10.883935,3.0713935,-11.608214,2.8242652,-14.734907,3.3777177,0.10311152,3.440507,-9.588988,3.3587291,-13.164294,2.4169302,-6.625989,3.6555495,-6.2043447,2.9382558,-9.740009,3.9959538,-7.793102,2.6840627,-6.0010204,4.2387857,-11.279029,3.418063,0
293.1318090785279,15.396261831468328,0.007763332752665125,0.08574322,0.017189058,1589.4749343383935,0.26088521938131315,12.07683,18.551678,-20.35621,6.335855,-48.483536,5.62657,-17.30744,4.729253,-37.52707,4.8210073,-6.2890854,5.7365336,-17.61059,4.5048184,12.205018,4.8833084,-22.9376,4.0398955,-10.106259,3.8130562,-6.2493134,2.7019334,3.0375226,4.632294,-13.376384,5.1769185,-4.9416814,3.7355015,-8.357789,5.9505396,20.682241,8.563915,26.493958,5.1503034,37.86308,7.6916404,-13.909918,11.717903,-14.971709,4.9696608,0
94.06969685749587,16.59184386519525,0.026768874881269323,1.2127973,0.016985023,3951.521428096105,0.057137164358870694,-466.04764,119.55044,96.17356,48.915833,37.1775,20.942787,19.066032,19.265728,17.89318,17.366772,19.579426,14.619267,2.6731215,9.836129,0.708568,10.534547,-6.183775,12.811996,3.5165074,8.997057,0.00904645,8.856878,-10.352763,14.309751,0.58553296,8.523779,4.0185847,7.9290857,-0.011687593,8.53867,-3.84444,9.528745,-4.1383295,10.31521,6.8623805,6.897854,2.3045843,8.386283,1.7270402,6.4277043,1
101.84214193306536,50.0908219117373,0.02973576630397037,2.0050683,0.031486683,5162.2117264624085,0.08201377467105263,-547.68176,103.39673,75.55066,37.553486,31.188036,17.18355,17.653849,14.266512,12.316052,13.310618,15.807522,12.918413,3.0533326,10.528716,3.1271927,10.1440935,1.5890795,10.389195,-0.18951346,10.643555,-0.1023697,10.518044,4.0363374,8.445691,4.8266,7.794544,3.9126744,8.938011,4.0064507,7.3703737,0.62995,7.5026646,0.94536275,7.9794426,3.0165355,6.167092,3.4353075,6.214216,4.8668437,5.836129,1
92.66289651531307,40.48930785684784,0.026294967618596416,1.7254659,0.01842989,4642.040245199048,0.0692733115231153,-570.1512,98.47915,88.10012,34.44775,40.3395,20.841,24.579496,16.697224,15.290327,14.74454,10.47118,13.110354,0.3354433,12.471356,11.2168255,10.82265,0.4052928,9.428208,-2.5362988,11.769583,-2.2226949,8.50711,4.0657115,8.076783,2.4797869,8.367691,1.3963798,8.814906,4.19716,7.43898,5.635186,7.020025,4.0714607,6.2723117,-1.0743473,7.195988,-0.07165342,8.2582855,2.0960248,6.683531,1
230.0118789411508,14.050494648576532,0.011259044010017632,0.33167863,0.0080506345,1069.9439860116147,0.221171875,-106.13466,72.98593,52.12971,8.325643,-64.33312,9.537504,-32.850906,6.5008307,15.937738,4.888515,1.5264364,6.849641,-27.82679,6.495218,3.252838,4.5873675,-7.7108564,6.7865477,-8.789325,4.187514,-14.649795,4.2003307,-4.515103,3.4154835,-6.4086394,3.510718,-16.177145,3.10459,1.8703302,2.6434095,-4.999777,2.7765884,-7.909784,3.1210215,-15.26998,7.0071354,-6.7539496,7.846441,17.333498,18.293842,0
161.21021559243053,2.281985834319961,0.0026289033475303757,0.5221262,0.012255632,1135.2645729499554,0.14420292295258622,-44.353626,44.98043,48.414967,28.103472,4.5670714,20.979872,-11.199175,18.50297,7.0429573,6.5640526,4.264156,8.395602,-19.386034,10.838693,9.357088,15.59362,-7.688182,7.4145374,7.4554443,7.4271426,-17.29883,12.802351,-1.1125212,4.660351,-0.47192726,3.4879155,-4.0546265,2.7961721,-5.206995,3.0455873,-1.3108032,6.182668,-4.3107486,2.7791526,-0.7159766,3.8187993,-6.891399,3.7859643,-3.2351515,3.0282233,0
370.1271426022588,393.4113276343217,0.04534625759872233,0.680566,0.016983712,1250.854220076127,0.21476862980769232,-133.2426,108.636665,40.016468,12.418885,-46.89958,12.226194,-40.747753,7.4615865,11.552223,4.4023166,25.469149,4.4381185,-16.251465,8.066468,5.6784363,11.9119,-9.504706,3.6311624,13.000901,3.223163,-10.885877,6.164937,-2.5059893,3.3222768,1.05649,3.5143743,-1.10704,3.3089108,2.0140405,4.3352594,-6.1344037,3.7805831,1.2413756,3.7373614,-2.2887306,3.7309923,-2.7873588,4.8045774,-3.450924,3.6287224,0
180.68075805142956,41.93946631112459,0.020314553649932853,0.78421366,0.021751845,1349.8326016547994,0.241302490234375,-175.2857,89.52691,38.996,15.627263,-36.874863,10.903752,-34.680496,7.737084,22.312656,5.3020983,-9.648568,5.787566,-16.332352,3.6909456,5.1283045,6.6177125,-9.038811,5.993691,4.585877,4.98783,-15.523121,3.268843,3.2453294,6.0295753,-15.60977,4.7666416,-1.7224958,3.9834783,-4.9318323,5.614535,1.758242,4.8547964,-6.253616,4.0628004,-12.45146,3.587939,-0.5967967,3.7950869,-7.2761383,4.1750236,0
198.96618242278498,1.04217087347795,0.001183861820805455,0.070834935,0.004869561,1229.4659671727957,0.2165798611111111,-53.794746,13.202181,26.012592,9.146334,-59.5983,6.305714,-24.830044,3.681261,-1.4148177,6.7173824,1.2934859,3.0045533,-9.104209,7.65466,1.9663334,3.866006,-18.958776,7.1024804,3.0004897,4.5480623,-18.68463,3.4573987,-1.9017944,2.5795653,-2.590826,3.571056,0.6765632,3.8786194,-8.636063,4.70319,-11.846683,5.6910233,-6.1516495,2.35962,-7.654382,4.3297195,-3.8487997,2.9036534,-4.092364,3.7939618,0
210.76480011860502,3.519919150690406,0.003924283546667567,0.12534377,0.0053146873,1249.4166485606188,0.2147258890086207,-54.96172,16.823662,11.260059,13.118526,-61.8187,14.875612,-35.662056,8.183233,-1.7161186,5.0779033,-5.5508738,2.3512912,-9.001143,6.294184,-13.217612,4.970449,3.9820278,4.172225,-8.547478,3.7092488,-8.293345,5.0248666,5.1262918,3.07501,-3.008118,3.828008,4.429897,7.328026,-8.77957,5.7659755,-2.1716287,5.44112,-1.3261486,2.9711215,6.4416776,5.025728,-13.413877,6.875388,-14.472511,3.9362586,0
506.4933690949082,282.8576942210604,0.0270136284472694,0.42138672,0.0139826555,1108.0533208280553,0.18332159323770492,-64.04217,71.0749,63.582863,8.851492,-35.96045,6.383892,-58.717663,6.295081,-30.71313,10.705943,26.180038,7.233443,-19.1984,5.4813623,15.543868,5.582664,-2.156108,5.2831483,-6.605917,7.33431,-19.759312,9.276548,-20.93642,5.443084,2.899337,3.4521937,1.474091,5.1037884,0.07982816,3.2096896,-10.0159855,5.5423684,-0.24488157,6.400081,-1.4950125,5.002205,-3.5362158,4.492699,-4.3006196,3.1895676,0
232.23383070934736,152.71892819984555,0.057778477102435465,0.5873798,0.010001161,954.3516308119998,0.18061398237179488,-133.04083,78.85572,86.568794,22.06235,-50.62844,15.242402,-35.22685,12.987658,1.109344,9.635489,-4.3127832,6.756769,-23.132395,8.205156,5.6018186,5.032104,13.636556,4.8683777,-10.524573,4.5281773,-19.502192,4.273549,-11.334248,4.359124,-2.9601216,5.976511,-5.427064,3.4088106,-8.130397,3.5718932,3.1179502,5.0253105,-3.1263974,5.0172453,-11.020543,3.746625,-8.982423,3.7462611,-3.4076123,2.871868,0
111.35656552949983,1.3183840796120276,0.003279867826208158,0.06790137,0.029171316,1245.5739276590864,0.22760564630681818,12.61304,16.024658,40.916325,9.029955,-69.70782,8.2540455,-41.22252,5.786048,-3.7800024,4.497494,3.4666624,6.9624953,-23.680037,3.7883124,14.114462,3.0035985,-11.175081,3.5520046,-9.662622,4.4317594,-26.544744,3.0772707,1.636528,2.7578077,-5.5021505,3.5712779,2.8139093,3.5538175,-14.929865,3.908214,0.314587,3.06489,-10.983486,3.9989314,3.1163955,3.2998252,-9.218012,2.7070453,0.35273275,3.8908165,0
117.31525204221488,27.216363532876414,0.02343067044172567,1.2173302,0.02707645,4074.485104629435,0.0725029860195856,-468.27496,105.49521,90.78697,49.69172,31.196959,23.27526,25.686186,20.613598,11.55999,16.742306,16.122995,16.022333,4.1491556,10.824783,-3.2125566,11.496695,-2.218964,10.469043,1.0380975,9.057413,-2.3589296,8.209957,-3.7691824,9.572118,-3.3358738,9.254548,2.4622436,7.773941,-4.510951,9.796724,0.71762544,9.279969,2.6528914,7.584151,-2.0525916,8.190992,-1.1496451,7.410453,0.81228626,7.228165,1
184.03311827367847,17.411864960977915,0.01393619990984918,0.5467523,0.006684812,828.4090407114223,0.11088590801886793,-105.19455,50.173096,98.25581,10.288367,-19.394823,10.99004,-30.00223,8.417205,4.9538918,5.211017,10.785456,4.720169,-1.8765712,4.9007435,-0.7432328,4.509099,-6.888964,5.1710796,-15.509914,5.2712865,-19.143867,6.707566,-3.83763,3.565036,1.9886328,4.9809175,-1.2342292,3.8749676,-9.014747,3.8177407,-8.422792,4.346725,-5.823248,3.711655,-10.091484,3.9986985,-9.612567,4.93732,-3.4787362,2.1379392,0
202.59658607911723,3.2552666072134215,0.006082813297844743,0.7394946,0.011932134,1206.509841364837,0.2097480969551282,-177.52295,128.03703,42.566475,17.906633,-46.61556,22.596786,-28.701504,12.398758,10.735552,6.748381,-2.1555455,5.9884744,-5.0796976,6.5017896,5.158698,6.4102225,-16.8649,3.5091612,0.90294117,4.7605786,-18.756987,4.716302,0.052643068,3.7897944,-18.79769,6.598629,-4.554762,5.0094376,-7.4270425,3.9395201,-7.5296426,6.2092557,-4.091733,5.5793757,-9.240371,3.502367,-1.1342487,3.0958402,-10.663169,4.5541806,0
157.55169285492642,66.32483124505747,0.030548805932407514,2.0172133,0.035979092,5560.6799700011015,0.10234713558886738,-473.65076,104.02762,58.79783,37.303658,31.977629,16.205782,21.669056,14.4965925,8.45831,13.25935,8.388518,10.60321,3.2002685,9.987282,7.2172556,8.892889,-0.27800933,10.740557,1.1187539,8.090805,-3.6338408,9.123861,-6.9172125,12.770919,1.3201593,7.314899,1.1694341,7.315715,0.7912765,7.4143023,0.49274498,7.5986853,0.019982608,7.707948,2.6660776,5.7567253,2.0120537,6.0803504,-1.3922879,7.288991,1
251.87633839895466,53.03846721904603,0.03551896842743953,0.7801727,0.009680553,1197.04179794779,0.2424045138888889,-165.77795,104.84646,40.299774,8.435036,-65.80367,13.491773,-30.360775,9.220342,19.634539,8.634918,-13.290569,4.804235,-11.54952,5.512001,1.8039457,5.6808248,-16.667482,6.061028,-5.4969425,7.284799,-3.9599304,6.9857974,3.8694234,5.501139,-17.999268,5.7015123,-7.452298,3.6252224,-3.3482265,6.9362144,0.696342,2.4746485,-11.969056,5.5743237,-14.056072,6.073927,-1.5291232,5.2024508,21.151112,11.385373,0
120.14492439559018,73.42879500296459,0.0262747427750366,2.0404081,0.02273136,4758.400583105315,0.06837454312006393,-569.8911,84.044624,64.07279,37.25857,34.203053,16.500513,25.152514,15.720823,13.567523,13.469905,8.169609,11.242532,0.78449893,12.606293,3.0054085,9.51431,-0.9895307,11.137791,0.1522262,9.637211,-0.73271686,9.302047,0.5435897,8.958087,4.055693,7.3261914,3.7747338,7.9591093,3.7176766,6.734578,3.5328302,5.9893317,2.6641042,6.890526,2.9395688,6.043167,2.2491152,5.561734,1.1776054,6.346484,1
159.97897393419464,1.3252122256879277,0.0035385204036068926,0.56040114,0.0069269906,1285.06250572227,0.2074049961419753,-120.35063,47.01427,16.044868,6.869834,-59.855885,7.9141574,-47.75136,4.585435,9.843593,3.1119843,17.04534,2.6709945,-17.065157,3.6471162,7.4804506,2.7793005,-2.4053075,3.2465246,-13.598948,2.9944594,-6.233972,2.1383014,-2.975223,2.7569506,17.892258,2.0460896,-3.1243076,2.3558064,-8.4796295,3.0341504,-8.961478,2.680992,-6.500627,3.5120475,13.130857,3.0225656,-6.3237815,2.1970906,2.1848688,2.3848095,0
235.98642755169,219.7678076352449,0.07369659919757295,0.42628083,0.015310707,1044.7534032193596,0.17061730587121213,-55.490868,79.494774,69.65233,14.250456,-39.095142,5.9412165,-23.264046,5.7209744,-24.846128,7.630788,-0.30135778,7.7408237,-36.447514,6.341842,14.671153,5.8689537,14.921892,4.934971,8.693439,5.039235,-18.730988,4.808897,-17.02732,4.398638,-8.882683,5.46133,3.0997238,4.497906,-9.679981,4.247918,8.90066,5.2495713,2.8357468,5.532888,1.9837617,3.2931669,-0.65072274,4.1709356,-6.9313707,4.992386,0
185.53145615446718,5.733465960241008,0.006800994652476429,0.6077372,0.0120745255,897.8890340055164,0.12441312349759616,-119.05226,61.93106,87.25524,7.312753,-11.063387,10.780494,-17.079033,8.186443,-7.298873,8.449494,12.267053,6.509397,-16.375963,4.219481,-3.8714643,4.0651903,4.1050663,3.8660913,-14.4739895,3.579271,-10.790112,3.560607,-17.971783,3.0494869,3.8107147,2.9634542,5.2777886,3.1222901,-4.737235,3.0343559,-4.087507,3.462238,-12.87,2.7637491,-6.577056,3.8608086,-5.918579,3.56067,-7.2780604,3.3781028,0
202.57306544818934,1.4323717732704064,0.0024613912684657816,0.23241761,0.021390133,1317.2041718130467,0.18607584635416666,-32.37908,50.524162,41.73051,9.573658,-21.773516,17.80176,-28.995813,8.974122,0.76630014,4.6508136,-9.702435,7.1646776,-3.8490598,6.335297,6.979423,6.370277,8.803925,6.414945,-21.103662,4.066341,-0.5244159,6.135457,-15.384084,6.1170354,4.022383,7.1655426,-10.694745,2.2815168,-9.223727,5.3454666,-1.2858107,3.9228518,-7.9517417,3.3161013,-1.3148828,3.9840634,-4.471968,4.115067,-6.3593216,4.9018216,0
136.62818580363876,3.179566464087987,0.007417618262975173,0.13587683,0.015370122,938.5971946134446,0.13727438038793102,-6.751851,18.019768,91.69365,9.490156,-27.669506,9.354132,-33.530037,8.626726,19.464493,7.7207146,16.756794,7.7699146,-25.093317,5.7474008,2.1198597,5.3427105,-2.65304,5.62904,-3.282736,5.050234,-9.680589,3.6763482,-12.9996195,3.3983054,-1.8572037,4.4068537,-10.33657,4.1985245,-1.6214871,3.896383,1.6104656,4.065067,-6.271315,3.0735853,-0.33184966,2.916331,-9.937692,4.310512,0.8315174,4.021308,0
390.64177881251544,441.1177067797646,0.08878860621752245,0.38475794,0.02529421,1178.3472035635134,0.22587492028061223,-76.54954,51.174896,49.230392,24.9632,-67.49803,24.397453,-40.077362,12.143066,7.062701,13.932519,3.7733548,7.055383,-13.68535,6.831408,-2.7707062,8.165036,5.3773656,7.561927,-10.87174,9.554132,-18.998678,5.8559527,-8.142191,6.5136895,-4.809074,4.3596077,9.190164,5.1342864,-7.275625,6.686417,-1.2908317,3.8208892,-2.5736766,4.393183,2.3511424,5.735993,2.8323286,4.041625,-2.348554,3.2778685,0
208.4340755563566,1.3149192913634236,0.0026688125232947526,0.45167297,0.006054392,892.5057361504449,0.1018210018382353,-111.36839,73.50332,72.2392,25.271706,26.256533,14.504242,-0.17847869,12.512354,-5.7406993,12.715736,-13.005949,5.7955604,-27.306683,9.44276,2.56024,5.829093,-1.2507774,5.154804,1.3132802,5.3474865,-5.965488,5.599605,3.7924464,4.570048,1.9358408,5.1383543,-4.123669,3.6582422,-9.878997,4.655482,7.213818,5.66339,-6.854532,3.8155093,-8.264543,4.5638175,-13.330834,5.0351276,-3.8172536,5.5873027,0
225.60909584933802,2.391210569660206,0.003291780277878188,0.19007148,0.007518192,1199.4039770272427,0.2580055414244186,-71.33031,42.506058,34.70957,15.607248,-74.73037,10.499286,-29.771873,8.643181,4.4711285,7.7554274,2.90535,4.592578,-19.158415,7.578401,9.036447,6.474968,-6.533366,4.3578835,-2.8101606,6.0938964,-13.811477,4.204869,7.878608,3.2063587,-0.40397772,3.007809,-14.145099,3.8205042,1.511973,3.2010882,1.5811229,4.379396,-4.6077905,3.5906649,-16.287745,4.653028,-7.2647576,5.3069787,-11.026424,4.70036,0
187.36122480125303,46.588546207704844,0.03135098646483204,0.29299018,0.0048422273,870.5357891965734,0.19610792590725806,-80.23277,52.144917,100.20496,14.492255,-47.385296,14.2226715,-47.917988,11.760664,5.2989917,5.2540674,10.317806,6.740777,-12.159488,5.8602767,-11.433252,5.4137473,-8.722227,5.54167,-7.3486657,5.290496,-19.646189,5.2862377,-8.385223,5.199831,0.06538336,3.6174827,-0.8117935,3.7087214,-7.658357,2.9183812,-7.1961584,3.9510624,-2.433412,3.8080146,-4.059543,3.017377,-7.975102,5.294518,-12.21023,5.877659,0
189.76930686444607,164.10783993017105,0.030735621016233727,1.4763027,0.023515742,4830.365457610279,0.07944222184817831,-507.13098,94.851295,68.846886,40.25795,32.67837,20.083326,19.953663,21.743294,9.353027,20.338892,14.135112,12.579665,0.96645063,14.691777,1.0293343,10.884237,-1.986417,10.04874,-1.755105,10.766044,-0.5380787,8.916985,1.3303283,8.646874,-0.12938358,8.784172,-0.63257784,9.312712,1.4163545,8.185436,0.8258362,8.252989,2.8288457,6.7676992,-1.73657,7.646228,-4.3442373,9.058796,-0.6039413,6.985249,1
125.2075511882585,1.1899066136184446,0.0036440392785178936,0.3363476,0.008803837,908.4306210907171,0.1370067107371795,-80.32045,44.847847,83.589615,11.773533,-23.517601,12.068127,-19.847649,7.7023535,-7.1289086,8.816537,-2.610546,9.424099,-28.880053,6.818653,-3.599472,7.855875,10.541467,4.4541183,-11.14114,4.9540787,-20.561962,4.6044745,-25.042875,3.4957256,-2.3839955,2.5556078,4.5661254,5.1449056,-13.190186,3.4536018,-2.2488542,4.6680183,-6.8746853,2.839406,-1.0441109,3.4786744,4.08579,2.2103114,-3.1250157,3.5141852,0
101.70423682780513,33.272414941280296,0.024811716711340567,1.3387678,0.021630904,3939.2776630483836,0.061249020432192464,-561.2949,105.26405,100.36103,40.973133,32.23811,23.913517,23.399914,21.068289,11.210424,15.840978,12.435673,15.220168,5.656866,10.859976,-0.76603276,13.545428,-1.182139,12.1107025,5.414068,10.657814,-1.8074297,13.363766,5.0185347,8.903353,4.7274814,9.78235,2.4552808,8.792108,1.8151665,8.858838,6.0866823,7.114476,2.1434493,7.3575253,3.7184303,7.1143956,3.4293873,6.6013165,2.4636455,6.230882,1
177.13709422450668,19.66357693059405,0.017507159178485544,0.2694528,0.009511508,1202.5896321771338,0.23569010416666666,4.7607822,51.77362,22.237686,16.570173,-54.17471,15.133514,-30.81672,11.674985,-12.238228,4.0592623,12.761067,12.1883135,-21.658222,8.301033,1.5211837,3.125281,4.8658004,6.162036,0.38164133,2.8124173,-3.5111003,3.9582255,-24.301683,3.7233136,-6.487124,4.062835,4.4569783,2.6596894,6.3059735,5.283945,-6.344741,3.4163673,-15.93662,3.2494555,3.8343184,2.4483497,2.886562,3.2992082,-9.38934,3.4825993,0
103.33338667733948,21.631120019817036,0.02731467614680079,1.3443077,0.018689401,3867.7314583813886,0.06213151206331015,-521.2888,93.71289,107.197975,52.113464,27.566748,24.3093,18.533344,21.093288,22.146698,18.36176,12.138225,16.721209,-6.0377893,14.507964,1.8811045,11.97984,0.65460104,10.975618,2.6845276,10.681546,-6.433348,10.886441,-2.7445993,11.340336,5.384749,9.237501,3.8248634,8.700533,4.057539,8.654,4.671228,7.842875,-0.49551785,6.963903,-2.3380065,8.546609,3.5313318,6.8036084,2.6329703,6.5701237,1
195.20306218549914,3.0408780507851882,0.005992734101386748,0.35104874,0.03659623,1085.307022447253,0.2291937934027778,-39.513023,26.658077,70.75998,38.443962,-54.492588,19.283989,-28.707926,13.164705,13.205541,20.981817,4.9191008,4.8772926,-23.428997,11.359224,-0.7646221,7.920653,-12.153453,4.022231,0.07015305,8.425508,-23.120975,6.3083453,-5.6605754,5.2275205,0.6948514,5.022396,-12.226107,4.19433,-5.241718,8.235379,-7.194134,6.3374367,-1.8652399,4.3617635,-9.760829,6.460606,-1.0559869,2.9239514,-3.6060388,3.5825286,0
161.83904094877082,88.97780508706356,0.02876130945044108,1.2479831,0.019995933,4186.887094898161,0.07063423570736434,-546.2423,110.24159,93.30468,45.896023,23.570627,26.86572,21.785877,20.173386,3.4713044,20.585993,14.848361,14.102966,-1.0697967,12.551754,-3.1294641,13.161269,3.612665,10.189913,1.5784515,9.815154,-1.0803585,9.959446,4.0683193,10.376585,-1.3418071,11.486252,2.1981878,8.691217,-0.43406814,8.496571,-0.27888274,10.708038,5.3939447,7.1505575,2.689052,6.5525804,-3.8676267,11.555938,1.2590532,6.5368977,0
101.15625135712673,60.19404324179445,0.025908478237897832,2.0986924,0.015983453,4800.686456733335,0.06346506948653034,-614.84174,85.922646,87.15765,29.126965,48.245983,22.639017,26.815983,14.196911,19.961353,13.170253,10.256475,11.630225,3.6076684,12.22947,9.783134,8.182168,-1.4334434,12.627836,3.6269207,8.548296,-2.6753838,7.8649726,-1.175823,7.8618574,-0.1785369,6.495587,3.4355412,6.601772,4.5688496,7.7616334,3.7992792,5.928199,4.837096,6.123494,-1.0104771,5.68965,0.734004,7.388918,-1.945646,5.0274544,0
166.90845447410152,44.6358699766113,0.021908174383551082,1.1216261,0.031579018,4651.724059491004,0.09005366680361544,-508.13373,92.46531,80.41555,51.972702,32.929058,23.507706,14.459326,24.087914,7.7977595,19.997078,15.259684,15.70329,-0.07648697,14.499814,-1.057237,13.792916,-5.0834365,12.391292,0.6205572,9.859497,-4.5133376,10.580388,-6.7105966,10.672198,3.3380702,8.941826,1.4809842,8.896563,-1.6031365,9.468373,2.4904292,8.357069,-1.0901881,9.201091,4.618396,6.8297005,-1.6973513,8.538412,-1.7859372,8.279841,0
212.12345108258504,203.739741159437,0.03057436115536281,0.9913983,0.027221551,4090.0085460106084,0.08716235242370429,-429.2081,102.26764,109.95276,58.642944,19.008287,28.84307,6.5642476,27.271725,-1.3712715,23.64693,4.998962,18.832254,-1.7986484,14.582604,-8.670848,17.615732,-10.403578,15.367565,-4.974876,11.626779,-5.4867697,12.474652,1.1792235,10.876146,3.752517,10.815057,2.0663161,8.686901,-1.2352095,10.127301,3.2414386,8.456127,-1.4644662,9.785262,1.1053023,7.520075,0.5824717,7.9006734,0.0071030343,7.0143247,0
138.81985940369563,61.36552923126435,0.025622604489014354,1.4244404,0.021126008,4653.594928128018,0.07637134951404831,-572.6525,83.871796,85.2828,36.33754,39.026333,23.864117,22.696945,18.913916,15.819947,15.213585,15.463774,13.6585045,1.4814327,11.531366,4.3575764,9.460052,-3.8052397,8.824696,-5.4893775,8.234774,-4.3613143,10.724823,-0.15968366,8.938676,-1.3924998,7.837573,-5.0823894,12.551632,3.5648346,7.3769403,5.349596,8.605323,4.0905037,7.364276,1.7041965,6.1490884,0.71293306,8.057066,1.6707592,6.3008003,0
156.11353069328194,66.8178917075722,0.023093818958805565,1.35153,0.031680264,4759.040551043867,0.08662053388615888,-527.7249,107.29025,78.668076,42.97797,19.175755,26.58109,17.800186,22.037636,18.989553,19.286945,9.0756235,14.881548,-6.0321317,15.925697,7.2910523,12.421416,-0.89727074,12.71847,-0.04929107,10.774962,-0.358747,9.220209,-4.288221,12.451715,1.4512988,9.388447,3.0764945,8.769005,0.62672615,10.266324,1.3632528,9.831857,2.7156708,7.131704,2.5255206,8.950424,0.71802557,9.077709,3.150605,7.0038714,0
103.46329112620265,35.539882520243694,0.027739788786554507,2.0367055,0.02760946,4551.084271708243,0.08541821151129944,-495.3627,77.39242,71.294815,48.826084,24.857996,20.350645,16.261969,18.810568,16.720083,15.270937,13.285231,12.448863,-3.5048628,13.837359,-0.48562,9.582272,0.8187907,9.436171,-4.202518,9.218544,-5.518322,10.321037,-4.2614813,9.738838,1.0653316,8.15603,3.01384,7.037213,2.0213718,6.6422153,2.781845,6.568471,2.7209892,6.4641514,4.271085,5.4461374,2.4582498,5.538888,1.1545854,6.459199,0
118.19218413613966,67.88379191797682,0.02873997211346561,1.8734573,0.022146761,4684.192878423216,0.06912727293349956,-612.72766,94.46216,84.48712,37.927982,37.390434,20.852732,26.626377,18.111712,10.793906,16.481846,6.5057917,11.562124,-0.04707457,12.075436,4.7692146,10.01312,2.0567892,10.6758585,1.1702833,12.108555,0.96181285,8.674019,3.0999868,9.628332,3.6800826,8.387274,4.1232753,7.151306,2.1861403,8.2958555,4.7189217,7.466598,5.157291,6.8703294,6.200533,5.8629994,3.7576075,8.648887,3.9216788,5.767304,0
172.41267208900103,67.01770441878372,0.025389933864773635,1.4539182,0.022195473,4417.023754722995,0.07953418723647224,-556.6034,91.0393,88.305466,48.607143,19.233013,28.662699,17.705132,22.628704,14.540987,19.582914,8.82771,15.250713,-2.8446314,16.615784,4.0963564,11.87489,-3.0499,13.656772,-1.0374297,10.420592,2.9046457,9.829388,-4.4055634,10.81367,-0.9814757,8.164226,3.9513533,7.8396196,2.175155,8.914297,2.682183,8.122765,2.9024646,6.79734,3.4361966,8.032971,3.127827,8.583858,2.146818,6.6798677,0
121.91483862919107,43.50255255262759,0.02515605303570526,1.5992173,0.04761281,5123.110251786795,0.09882120526571779,-514.03906,93.61566,77.74479,47.608265,29.333738,21.5757,21.282053,22.203804,18.94796,16.214344,12.157837,11.535631,-1.5957059,13.105096,3.157904,11.03418,-4.135382,12.002327,-1.8318081,10.530272,0.28733873,9.195656,0.7557775,8.97554,1.0414166,8.713669,0.08500489,8.568713,-0.18921499,7.5656905,3.8707023,6.7505026,2.2316391,7.099306,-0.13996452,7.4558134,0.099540226,6.6398554,1.63326,5.944629,0
195.53057339678455,89.55841368018267,0.029760758631242237,1.3068808,0.036692172,4820.8652480889505,0.09064378056273979,-527.2688,106.3591,88.37789,55.052307,20.208124,29.549839,18.05646,19.213634,11.528092,19.37001,5.85758,17.021723,-2.6291656,13.504737,4.253723,10.583773,-4.466528,14.143377,8.926446,11.229111,-1.7453816,9.662605,-5.0292535,12.869889,-0.3890908,8.297312,-1.4095179,8.224679,-1.4926167,10.102706,2.1277187,7.471852,2.5730042,8.454671,1.5128348,8.99304,2.7533977,8.263138,-0.11820256,7.9857373,0
154.63743726210677,76.85597559773721,0.02462268248311124,1.6513398,0.022744328,4341.358919430004,0.07430036066012208,-519.78253,100.55648,82.12062,46.690628,24.519093,28.441341,18.104626,19.79853,13.718091,16.729446,11.751562,13.970949,-0.58032346,13.878346,-3.9201128,11.676598,-5.758035,11.335425,-3.5410793,11.620638,1.2837144,8.832949,-1.1068225,9.481416,-1.5951694,9.568335,4.621474,7.2200828,2.725114,8.095609,1.7680398,7.8912234,2.1482885,6.7679987,2.8286572,6.4937053,-2.2224824,9.263911,-1.7550313,7.210607,0
174.8546352540824,58.62667388614511,0.022094604581116783,1.1249171,0.026641386,4778.330845948944,0.0868547878260597,-548.9267,106.32016,83.9184,48.789425,35.749268,26.104998,25.92836,21.73479,6.661705,20.812275,16.424118,18.41319,-4.5102596,12.9145355,-1.5188261,14.383156,0.81611013,12.288699,-0.98638517,10.947728,-2.3759542,11.843896,-1.4541113,11.36518,-1.1956748,11.0684185,1.6568431,9.253747,-2.8204796,10.194996,0.47992823,8.938386,-0.6679333,8.970243,3.345481,6.9867887,-1.5624024,8.829069,-2.1133597,9.187829,0
125.904158666576,60.412784091349955,0.027281078215436114,1.7362128,0.021487927,4379.835892789418,0.07086869765908739,-543.0044,93.81955,76.74533,39.636505,28.082127,21.230669,19.851276,18.632814,10.935752,16.797184,15.671468,14.025837,0.24060176,13.050377,-3.0396051,14.796726,-2.649705,12.222012,1.8900056,11.484013,0.3531275,11.32016,-0.9051906,10.470777,2.1606174,8.841777,2.8725893,8.733465,3.6051912,7.9551973,0.97009015,8.06811,2.1569412,7.230548,3.767714,6.4798822,2.9400094,7.400667,0.16216666,8.095766,0
144.01286123384148,62.30522119251036,0.022070894938195803,1.3679274,0.020436302,4185.818085017345,0.07120345372508875,-478.95514,128.53069,75.86876,51.711163,18.968815,29.710875,25.246328,22.814997,7.4016876,22.498232,9.898082,15.46156,1.234392,12.294462,-1.3571746,14.156932,-5.5001326,14.408659,0.5662799,10.175233,-3.84976,11.481032,-4.352648,12.743487,3.8178787,8.479489,0.34015757,9.761711,-1.7385668,9.838036,3.7177484,8.208223,0.41332847,9.772569,4.342571,7.2486124,0.09835365,8.002825,-1.8449984,8.44893,0
178.27860047572779,57.37191403022724,0.022924849245558418,1.5950662,0.02137266,4664.5139539823585,0.07263501622852203,-594.3117,78.336945,80.01408,41.70447,31.025473,23.17474,17.267849,19.666922,10.913974,16.882078,9.923455,13.609684,4.6864924,12.853553,7.063624,11.482007,-1.338918,11.945564,-3.6928782,10.856764,-0.77590483,8.82107,-1.6833633,8.894996,-1.334235,8.664245,1.3596456,7.222806,3.396992,8.4012,4.4105983,7.653535,1.6086544,6.332114,2.0231128,5.927708,1.0667069,7.2725058,2.5739255,6.1160183,0
152.98718472221296,62.652240821602845,0.02096630500741273,1.2107627,0.02689041,4650.438417286864,0.0819077641490228,-530.51495,105.20598,81.46295,50.598206,23.493807,27.238432,29.105925,22.73599,10.938149,19.107971,12.88569,14.076652,-7.7161493,14.844887,-2.445374,15.708072,3.5564268,11.28701,0.67083585,11.97301,-2.4105797,11.172028,3.0198,10.035838,2.1745331,8.926749,0.0049040616,9.704873,2.5433276,7.6790137,0.5705926,8.365754,0.08132733,8.88003,4.3204417,7.0861998,-3.089101,11.769801,0.12573063,6.940674,0
218.30894070071483,74.84006554519762,0.02114244867861352,1.2062817,0.029837303,4290.156137077664,0.08172341955646985,-556.1455,86.4475,96.384926,49.774605,30.069067,25.349413,15.997658,23.115305,4.576443,19.36129,3.5354342,13.863608,-8.542578,16.015774,3.4073248,13.239355,-4.6709304,11.495955,-2.3667648,10.20217,-2.9751241,9.996568,-1.9180363,9.872042,6.359981,7.318563,2.564166,7.383213,-6.025979,11.327167,-2.4749668,9.991382,4.4095263,6.9347887,0.9717265,7.2804427,-4.0043116,9.524484,0.57350427,6.420745,0
160.33842389080763,63.273264575510964,0.025790691777382555,1.2473383,0.024464691,4367.257078464251,0.07350077837414026,-563.00946,80.0979,93.56104,42.11311,42.002247,25.419497,36.58311,20.197638,14.495417,15.78537,5.104704,14.18449,-9.741051,15.520938,1.7568045,10.702932,-6.208885,9.966772,-9.154223,14.458052,-0.5048071,9.7862835,2.8580256,8.280799,0.7873085,8.167016,3.1646504,7.8894486,2.6622338,8.003202,0.1652333,7.817444,2.6712,6.543419,0.6974071,6.506802,-1.5794729,8.181452,1.0297943,6.3526754,0
156.16152454659198,59.341398001160165,0.0216297428536628,1.2401454,0.028124338,4770.500511170967,0.08706667157288052,-540.2265,108.22661,84.55941,46.678654,34.27817,29.296532,28.742254,23.306458,12.67555,19.389347,12.995806,15.757341,-2.9941669,11.37982,-1.017774,12.084125,-8.865115,11.826924,1.3572147,9.60312,-3.7739124,10.737042,-4.2109895,10.891491,2.0936472,8.340292,1.8102306,9.173721,-0.44123515,10.818367,0.4826674,9.447048,4.3568916,6.5238705,1.8711678,6.348502,-2.0634496,9.26233,0.8357369,6.3740554,0
162.44817721785637,69.10810803098587,0.026404364795312774,1.7820842,0.021863975,4821.323707776829,0.07113768566120572,-554.53467,101.08724,77.306694,35.929996,35.03649,26.595316,26.390512,17.761715,16.43629,15.1205,12.734515,12.176838,-0.8712547,13.768945,4.1377482,10.1535635,0.84500957,9.395091,1.9424034,10.093597,-2.3549201,8.286457,-2.694101,10.329678,2.6190307,8.895173,3.6530547,7.758129,2.8306627,8.667312,1.1879954,8.959406,3.1269119,7.050068,2.1263578,6.8479185,1.1955019,8.082217,3.3798714,6.254407,0
